name	cholesterol	sodium	dietary_fiber	sugars	protein	vitamin_a_dv	vitamin_c_dv	calcium_dv	iron_dv	calories_from_fat	saturated_fat	trans_fat	carbohydrates
Hamburger	-0.0431346522	0.6230012665	0.7375218752	-1.1870866799	0.5633942538	-0.3171382914	-0.1399527087	-0.4850079703	2.0027841505	0.2371443588	0.0590243459	2.078750685	-0.5258699293
Cheeseburger	0.2167933049	0.9125211938	0.5310050126	-1.2370932168	0.6398293419	-0.2200479296	-0.1420321553	-0.1709757843	1.5276302178	0.4551092055	0.5744365357	1.6606484246	-0.7518547985
DoubleCheeseburger	0.5948703335	0.9908545075	0.2024554586	-1.2882362659	0.9004035056	-0.2068083348	-0.145340366	-0.2869535803	1.3116511575	0.9717141992	1.0039466939	3.8461829675	-1.2801311162
McDouble	0.476721262	0.815307543	0.2927163251	-1.2627375947	0.8848135984	-0.2424533977	-0.1444315169	-0.3521481993	1.5885473887	0.7784636483	0.6184888596	2.7863083564	-1.1616075834
QuarterPounder®withCheese+	0.5531706612	0.7976323338	0.4095245053	-1.2665088268	0.9021066047	-0.2219516622	-0.1401973494	-0.2633381919	1.4810464989	0.8489112393	0.8776201768	3.2592747143	-1.2614285232
DoubleQuarterPounder®withCheese++	0.8104125584	0.4747014839	0.1263435928	-1.3350789986	1.2079279691	-0.2515366956	-0.1439991995	-0.4786424531	1.399210236	1.1409831438	1.0619886072	3.807660032	-1.6549217469
BigMac®	0.2601146311	0.5167928981	0.3589076272	-1.2787653309	0.4982828825	-0.2631992015	-0.146653148	-0.410861482	1.3516472798	0.9913719234	0.4471742666	3.0543226259	-1.1823021685
BigN'Tasty®	0.3637091068	0.268144544	0.5085575276	-1.2697061757	0.7229109593	-0.2538184902	-0.1253061711	-0.5720495002	1.7342188842	0.9763294909	0.3503442793	3.6602679308	-1.2290899261
BigN'Tasty®withCheese	0.476721262	0.4867565948	0.4095245053	-1.2910218351	0.7522338831	-0.2219516622	-0.1279653101	-0.4942442111	1.4810464989	1.032074976	0.7091848206	3.2592747143	-1.324729607
AngusBacon&Cheese	0.6083303543	0.9954156877	0.2826619501	-1.2814028065	0.9059008508	-0.2556886953	-0.1445327558	-0.5833914717	1.2569729144	0.8118147863	0.7049206344	2.7455973281	-1.2401946154
AngusDeluxe	0.5806924449	0.7516767897	0.3244881501	-1.320437445	0.7672211552	-0.2200479296	-0.1357938153	-0.5635160169	1.3692455736	0.922176734	0.6889725779	2.9149552058	-1.2145857212
AngusMushroom&Swiss	0.5442350171	0.2366166016	0.3030318527	-1.3572387925	0.9128117991	-0.2667017398	-0.1524293888	-0.3443052376	1.3116511575	0.9262206087	0.7529342638	2.828076814	-1.2906127891
Filet-O-Fish®	-0.0020933958	0.3501704578	0.3136188415	-1.3226307142	0.2375394048	-0.2915881962	-0.1524293888	-0.491205974	0.4022656403	0.8320408952	-0.3524011741	-0.4298628772	-0.9132725622
McChicken®	-0.0647953153	0.7784841904	0.3589076272	-1.3134920927	0.2151899639	-0.3171382914	-0.1437650276	-0.628939389	1.1316686072	0.6886429698	-0.4277538334	-0.4298628772	-0.7339194914
McRib®†	0.2687788963	0.5402812873	0.4277465814	-1.2120899483	0.4105240778	-0.297720219	-0.1461910487	-0.6027700401	1.0524762851	0.9844524045	0.5744365357	-0.4298628772	-1.1069738787
PremiumGrilledChickenClassicSandwich	0.6252515233	0.8041974115	0.826029102	-1.2013742619	1.7863556624	-0.2616580846	-0.1167817313	-0.4513616647	1.867025884	-0.1898888101	-0.6527353448	-0.4298628772	-0.5904370348
PremiumCrispyChickenClassicSandwich	-0.1348739312	0.5273056043	0.4095245053	-1.2419958185	0.5274248006	-0.2790636397	-0.1340813298	-0.6096972207	1.01520931	0.5741656343	-0.5540803505	-0.4298628772	-0.7550198527
PremiumGrilledChickenClubSandwich	0.7027455726	0.732695152	0.5085575276	-1.24252871	1.636808751	-0.2327118898	-0.1253061711	-0.1880427509	1.2177472182	0.2655745562	-0.0231428148	-0.4298628772	-1.0185450169
PremiumCrispyChickenClubSandwich	0.0574826215	0.5233815066	0.2478770559	-1.2653227135	0.6398293419	-0.2544993483	-0.1373366306	-0.3862397828	0.6846151759	0.7011985485	-0.1737424495	-0.4298628772	-1.0434481782
PremiumGrilledChickenRanchBLTSandwich	0.716128591	1.0032229254	0.7212179124	-1.1910345644	1.8466991529	-0.266038101	-0.1195960201	-0.491205974	1.6526707264	-0.1512591649	-0.4654301631	-0.4298628772	-0.7433591267
PremiumCrispyChickenRanchBLTSandwich	-0.0286942102	0.6827434737	0.3589076272	-1.2324629819	0.6398293419	-0.2811788981	-0.1351006664	-0.628939389	0.9116899347	0.5589019896	-0.4277538334	-0.4298628772	-0.8534882053
SouthernStyleCrispyChickenSandwich	0.0125641957	0.7155688623	0.2359809233	-1.2787653309	0.6398293419	-0.2940215386	-0.1450027935	-0.5354774288	0.8488388854	0.6330396925	-0.5300181568	-0.4298628772	-0.8748397614
RanchSnackWrap®(Crispy)	-0.0431346522	0.6663307794	-0.0590431661	-1.4156879916	0.2576539017	-0.289398188	-0.1435174744	-0.619593193	0.5094432192	1.0111419775	0.0835677835	-0.4298628772	-1.0977500065
RanchSnackWrap®(Grilled)	0.476721262	0.9763483383	0.0720786514	-1.3945212034	0.9936954902	-0.2811788981	-0.1408769072	-0.5199004355	0.9116899347	0.6453959764	0.1290185939	-0.4298628772	-1.0328412761
HoneyMustardSnackWrap®(Crispy)	-0.1140240951	0.6514101483	-0.0322227943	-1.3355909411	0.3503024932	-0.2877169696	-0.1429773584	-0.5992014926	0.5917209564	0.7240268734	0.0277872435	-0.4298628772	-0.9132725622
HoneyMustardSnackWrap®(Grilled)	0.5806924449	0.9814545098	0.1179712875	-1.2870997537	1.1748749581	-0.2783021467	-0.1399527087	-0.4850079703	1.0524762851	0.0503173474	0.0590243459	-0.4298628772	-0.7841383513
ChipotleBBQSnackWrap®(Crispy)	-0.1140240951	0.6931879155	-0.0322227943	-1.3355909411	0.3503024932	-0.2582956479	-0.1429773584	-0.5992014926	0.5917209564	0.7240268734	0.0277872435	-0.4298628772	-0.8643580884
ChipotleBBQSnackWrap®(Grilled)	0.4247356706	1.0366011626	0.1179712875	-1.2370932168	1.1748749581	-0.2394660019	-0.1399527087	-0.4850079703	1.0524762851	0.0503173474	0.0590243459	-0.4298628772	-0.7841383513
AngusBacon&CheeseSnackWrap	0.6766658445	1.0981108908	-0.1044314875	-1.3589040119	0.7868198958	-0.2424533977	-0.1444315169	-0.6541022244	1.5885473887	1.0179854578	0.8387504792	2.7863083564	-1.3685534343
AngusChipotleBBQBacon†	0.5904397433	0.9297545228	0.2728589344	-1.2370932168	0.878688992	-0.2564568153	-0.1485304262	-0.5880497814	1.2306590099	0.7859487049	0.7891916148	2.7059040756	-1.1957536488
AngusChipotleBBQBaconSnackWrap†	0.6391762353	1.0159211678	-0.1143601829	-1.299601388	0.7353732019	-0.24432052	-0.1446314637	-0.661651075	1.5276302178	0.9610990281	1.0039466939	2.7059040756	-1.3168169716
AngusDeluxeSnackWrap	0.6035153875	0.8536756801	0.253970197	-1.395650529	0.5932225809	-0.2224159872	-0.1372139252	-0.668831689	1.4696846163	1.2487442743	0.9515674063	4.1590643708	-1.4644551701
AngusMushroom&SwissSnackWrap	0.5371696242	0.3594515653	0.2188283599	-1.4289787655	0.6842683465	-0.2719799836	-0.1524293888	-0.5452583316	1.3618788459	1.2407964434	0.854117569	3.9456258941	-1.5138967994
MacSnackWrap†	0.2404231192	0.6305212646	-0.0322227943	-1.3734746812	0.4661132327	-0.2877169696	-0.1524293888	-0.6705724439	1.3116511575	1.1486337175	0.6785602104	3.3710667625	-1.2556738792
SmallFrenchFries	-0.8229185236	-0.3312755953	1.5186943553	-1.4871259014	-0.7725581544	-0.3171382914	-0.0981829535	-0.8536544497	-0.0217847801	0.7732566525	-0.5833734559	-0.4298628772	-0.4921827438
MediumFrenchFries	-0.8229185236	-0.3210223561	1.536416054	-1.4871259014	-0.868757922	-0.3171382914	-0.0908668224	-0.8940762127	-0.0978963941	0.8320408952	-0.5784591521	-0.4298628772	-0.4884889735
LargeFrenchFries	-0.8229185236	-0.3282784946	1.3570724629	-1.4871259014	-0.8124373308	-0.3171382914	-0.0900459882	-0.9089514216	-0.0878931534	0.7976253931	-0.5422898756	-0.4298628772	-0.4935863766
KetchupPacket1pkg	-0.8229185236	4.2442981348	-0.5015793002	0.1797586628	-1.271047859	0.3301307872	0.0555152798	-0.9560562495	-0.8481394457	-1.2574717325	-1.1436040971	-0.4298628772	0.700905075
KidsFries†	-0.8229185236	-0.3282784946	1.047297169	-1.4871259014	-0.8888724188	-0.3171382914	-0.0900459882	-0.9560562495	0.1021684197	0.8443321459	-0.7140939389	-0.4298628772	-0.4290192711
ChickenMcNuggets®(4piece)	0.2031128861	0.4952932284	0.3136188415	-1.4871259014	0.5392568576	-0.3171382914	-0.1360127044	-0.9560562495	-0.3479774113	1.4466034327	-0.2393721851	-0.4298628772	-1.5079695865
ChickenMcNuggets®(6piece)	0.2910584355	0.5186165308	0.0515908674	-1.4871259014	0.5033381132	-0.3171382914	-0.1412894958	-0.8719404853	-0.1693481133	1.4114855734	-0.2232251866	-0.4298628772	-1.4897645756
ChickenMcNuggets®(10piece)	0.2555059794	0.5091879618	0.1575170697	-1.4871259014	0.5178584567	-0.3171382914	-0.1391563248	-0.9059447304	-0.2415599572	1.4256821548	-0.2297526966	-0.4298628772	-1.4971240481
BarbequeSauce1pkg	-0.8229185236	2.7737207264	-0.5015793002	1.0132009449	-1.271047859	-0.1229575678	-0.1524293888	-0.9560562495	-0.8481394457	-1.2574717325	-1.1436040971	-0.4298628772	1.3465761299
Honey1pkg	-0.8229185236	-0.8108117067	-0.5015793002	1.2632336295	-1.271047859	-0.3171382914	-0.1524293888	-0.9560562495	-0.8481394457	-1.2574717325	-1.1436040971	-0.4298628772	1.3465761299
HotMustardSauce1pkg	-0.1730986308	2.0614097941	4.6613422638	-0.2369624783	-0.634088792	-0.3171382914	-0.1524293888	-0.9560562495	0.7357069966	0.2994200293	-1.1436040971	-0.4298628772	-0.1061837436
Sweet'NSourSauce1pkg	-0.8229185236	1.2571877739	-0.5015793002	1.0132009449	-1.271047859	-0.1229575678	-0.1524293888	-0.9560562495	-0.8481394457	-1.2574717325	-1.1436040971	-0.4298628772	1.3465761299
ChickenSelects®PremiumBreastStrips(3pc)	0.3057160271	0.5497142674	-0.0939802293	-1.4871259014	1.0421192789	-0.3171382914	-0.1360127044	-0.8940762127	-0.3479774113	1.3236909252	-0.3524011741	-0.4298628772	-1.6354046631
ChickenSelects®PremiumBreastStrips(5pc)	0.2736525455	0.5247712912	-0.2595673518	-1.4871259014	0.998118817	-0.3171382914	-0.1378082793	-0.8824549559	-0.4026826338	1.2238245129	-0.3382725504	-0.4298628772	-1.6194752785
SpicyBuffaloSauce	-0.8229185236	9.8246141936	-0.5015793002	-1.4871259014	-1.271047859	0.5150648097	-0.1524293888	-0.9560562495	-0.8481394457	2.7459642264	-1.1436040971	-0.4298628772	-2.0662565889
CreamyRanchSauce	-0.4684713094	0.254521359	-0.5015793002	-1.3734746812	-1.271047859	-0.3171382914	-0.1524293888	-0.9560562495	-0.8481394457	3.4132035528	0.4182510236	-0.4298628772	-2.3807067779
HoneyMustardSauce	-0.1730986308	0.5104101837	2.0798814818	-0.4453230488	-1.271047859	-0.3171382914	-0.1524293888	-0.9560562495	-0.8481394457	1.4670888506	-0.4277538334	-0.4298628772	-0.9132725622
ChipotleBarbequeSauce	-0.8229185236	1.8086543021	-0.5015793002	1.0132009449	-1.271047859	0.0712231558	-0.1524293888	-0.4850079703	1.0524762851	-1.2574717325	-1.1436040971	-0.4298628772	1.0237406024
PremiumSouthwestSaladwithGrilledChicken	1.0593184073	0.7342453765	3.2370880393	-1.0129259823	2.2871372736	2.3612165167	0.0357963888	-0.3469420954	1.6095533096	-0.1300673532	-0.4030693415	-0.4298628772	-0.9689338601
PremiumSouthwestSaladwithCrispyChicken	0.0435080002	0.4453064963	1.9077840964	-1.1259675792	0.6822932797	1.4089125849	-0.0484570545	-0.5635160169	0.7357069966	0.7145911658	-0.2845837807	-0.4298628772	-1.0208844047
PremiumSouthwestSalad(withoutchicken)	-0.2659300441	-0.0722404637	6.1364627107	-0.9513415772	0.3668468846	5.2308823824	0.1260679352	0.3056802125	2.5458172164	0.0770069205	0.0835677835	-0.4298628772	-0.2214821463
PremiumBaconRanchSaladwithGrilledChicken	2.0588914359	1.2871587809	2.1921189071	-1.2153512442	3.7138491867	3.0599177709	0.0848987655	-0.1880427509	1.2177472182	0.3671109755	0.3503442793	-0.4298628772	-1.8256338355
PremiumBaconRanchSaladwithCrispyChicken	0.5766935532	0.7269314968	1.0870119503	-1.2627375947	1.2767884088	1.6744588736	-0.0124666311	-0.5031252118	0.3702039715	1.0179854578	0.1779656205	-0.4298628772	-1.534110115
PremiumBaconRanchSalad(withoutchicken)	0.5695526753	0.6663307794	2.8174417053	-1.129936352	1.1857942564	5.2308823824	0.1817674	0.3056802125	1.867025884	1.0778659102	1.0039466939	-0.4298628772	-1.3744661729
PremiumCaesarSaladwithGrilledChicken	2.0499694237	1.2934684665	2.7592132666	-1.1581355269	4.1598662908	3.770876942	0.1348625875	0.2835444851	1.6526707264	-0.0283466574	0.2127437709	-0.4298628772	-1.677883022
PremiumCaesarSaladwithCrispyChicken	0.4024561314	0.6466355463	1.2685652361	-1.2370932168	1.2403907478	1.9020699781	0.0035291126	-0.2831301364	0.5094432192	1.0111419775	-0.0391494046	-0.4298628772	-1.420585534
PremiumCaesarSalad(withoutchicken)	0.0435080002	0.5678546137	4.6613422638	-0.9314977134	1.7014277868	8.3131160901	0.3674322826	1.6608786346	3.3754510672	0.5589019896	1.2425634485	-0.4298628772	-0.9132725622
SideSalad	-0.8229185236	-0.4661451266	7.2428030458	-0.2369624783	0.6398293419	10.6055274102	1.7970518788	0.2215644484	8.6549392083	-1.2574717325	-1.1436040971	-0.4298628772	0.700905075
ButterGarlicCroutons	-0.8229185236	0.7976323338	2.0798814818	-1.4871259014	0.0028702749	-0.3171382914	-0.1524293888	-0.5635160169	2.319553439	-0.0898029111	-1.1436040971	-0.4298628772	0.1628458626
SnackSizeFruit&WalnutSalad1pkg	-0.6372556971	-0.6138593752	0.9735411467	0.001163888	-0.5430946396	-0.3171382914	1.1100918131	-0.5074388408	-0.3956118908	0.2994200293	-0.5300181568	-0.4298628772	-0.1446165445
PremiumAsianSalad(withoutchicken)**	-0.8229185236	-0.6499673027	4.6613422638	-0.7370278475	0.7672211552	4.8610143375	0.3154461154	-0.1709757843	3.9033998813	0.922176734	-0.8572639916	-0.4298628772	-0.9132725622
PremiumAsianSaladwithCrispyChicken**	0.0125641957	0.4365530594	1.7111013701	-1.0406389646	0.9128117991	1.5322019332	0.0332354939	-0.5354774288	1.4144983291	0.9666593558	-0.5300181568	-0.4298628772	-1.1823021685
PremiumAsianSaladwithGrilledChicken**	0.9099345239	0.6955089026	2.9403684092	-0.8851953644	2.692253002	2.5596131691	0.1941450588	-0.5199004355	2.671519315	0.1264320558	-0.8254484243	-0.4298628772	-1.2719787039
Newman'sOwnCreamySouthwestDressing(44ml)	0.7366492192	1.532921038	-0.5015793002	-1.1120768745	-0.8888724188	-0.3171382914	-0.1524293888	-0.7205321099	0.1021684197	1.0778659102	-0.2845837807	-0.4298628772	-0.7518547985
Newman'sOwnCreamyCaesarDressing(59ml)	-0.0020933958	1.0032229254	-0.5015793002	-1.3555297516	-0.868757922	-0.3171382914	-0.1524293888	-0.5841760291	-0.8481394457	2.9215535228	0.4388017489	-0.4298628772	-2.1876233285
Newman'sOwnLowFatBalsamicVinaigrette(44ml)	-0.8229185236	7.4611862158	-0.5015793002	-0.415557253	-1.271047859	-0.3171382914	-0.1524293888	-0.9560562495	-0.8481394457	2.0787248999	-1.1436040971	-0.4298628772	-1.1438693676
Newman'sOwnLowFatFamilyRecipeItalianDressing(44ml)	-0.8229185236	4.5659869429	-0.5015793002	-0.9870605322	-0.5066969787	-0.3171382914	-0.1524293888	-0.4850079703	-0.8481394457	0.6107983817	-0.2845837807	-0.4298628772	-0.2676015073
Newman'sOwnRanchDressing(59ml)	0.0944742663	1.3382857927	-0.5015793002	-1.1929698019	-1.0462387765	-0.3171382914	-0.1524293888	-0.6789690265	-0.8481394457	2.3142211328	0.1196610741	-0.4298628772	-1.672885568
Newman'sOwnLowFatSesameGingerDressing**(44ml)	-0.8229185236	2.3294838009	1.2193945545	-0.2369624783	-0.846408481	-0.3171382914	-0.0831144993	-0.9560562495	-0.8481394457	0.039938069	-1.1436040971	-0.4298628772	0.1628458626
EggMcMuffin	5.9352083619	1.0733655978	0.5310050126	-1.3621095591	1.022004782	-0.1553210217	-0.1524293888	0.2215644484	2.319553439	0.4551092055	0.2880964303	-0.4298628772	-0.9132725622
SausageMcMuffin®	0.1254672659	0.7727914992	0.3356512237	-1.4195495002	0.1750213741	-0.2384163764	-0.1439991995	-0.1603665888	1.0781602815	1.2672176109	0.7137371276	-0.4298628772	-1.2622839433
SausageMcMuffin®withEgg	4.1157126619	0.598491643	0.1868102417	-1.4315630826	0.5124375285	-0.2092601116	-0.1454978998	-0.1709757843	1.2636558107	1.3373478705	0.7653299394	-0.4298628772	-1.4513317747
EnglishMuffin	-0.8229185236	0.3955213236	1.4345162863	-1.3308554735	-0.0767496085	-0.2564568153	-0.1524293888	0.1479631547	2.1215726337	-0.3817201165	-0.8751602482	-0.4298628772	0.1964745634
Bacon,Egg&CheeseBiscuit(RegularSizeBiscuit)	3.5401578997	1.093060831	0.2359809233	-1.3978285141	0.0938644273	-0.2015545273	-0.1524293888	-0.5354774288	0.8488388854	1.0778659102	1.310739664	-0.4298628772	-1.1054365667
Bacon,Egg&CheeseBiscuit(LargeSizeBiscuit)	2.9947733468	1.0130489463	0.4664684931	-1.3829456162	-0.0767496085	-0.1654346011	-0.1524293888	-0.5880497814	1.1316686072	1.0778659102	1.0039466939	-0.4298628772	-1.0814160661
SausageBiscuitwithEgg(RegularSizeBiscuit)	2.9995514342	0.7705996608	0.1058232368	-1.4380998849	0.0778066357	-0.2600263139	-0.1524293888	-0.7251502303	1.01520931	1.3984024494	1.2144908891	-0.4298628772	-1.3880306909
SausageBiscuitwithEgg(LargeSizeBiscuit)	2.5971861755	0.7371645127	0.3136188415	-1.4213278265	-0.0641780479	-0.2319713074	-0.1524293888	-0.749456127	0.8190673357	1.4466034327	1.1169756829	-0.4298628772	-1.338056151
SausageBiscuit(RegularSizeBiscuit)	-0.2788832645	0.9205366957	0.2188283599	-1.4289787655	-0.2933897562	-0.3171382914	-0.1524293888	-0.7917370823	0.809374273	1.3494167989	1.2536619022	-0.4298628772	-1.2511236956
SausageBiscuit(LargeSizeBiscuit)	-0.335553604	0.8981600863	0.4664684931	-1.4089906875	-0.3952291419	-0.276683974	-0.1524293888	-0.7597861332	0.636716594	1.4670888506	1.1829092598	-0.4298628772	-1.2159308692
SouthernStyleChickenBiscuit(RegularSizeBiscuit)	-0.2523449592	1.1731227544	0.253970197	-1.395650529	0.3135820149	-0.3171382914	-0.144821657	-0.7837215132	0.8902286008	0.7930686367	0.5325331056	-0.4298628772	-0.9132725622
SouthernStyleChickenBiscuit(LargeSizeBiscuit)	-0.3251841376	1.0811878181	0.4870652547	-1.3807290144	0.1112888395	-0.2758232438	-0.1457928568	-0.7556101732	0.6683092757	0.9288018053	0.5013284237	-0.4298628772	-0.9476167673
Steak,Egg&CheeseBagel†	2.6916003334	0.8397043107	0.152875546	-1.3638703527	0.7743981588	-0.1803913029	-0.1436429943	-0.6243321092	1.1595532277	0.9791896718	0.4292500034	2.2200810265	-1.2542960067
Bacon,Egg&CheeseMcGriddles®	3.632989313	1.0109973595	0.2359809233	-1.0406389646	0.0938644273	-0.2015545273	-0.1524293888	-0.3952844886	0.8488388854	0.5218331381	0.492625077	-0.4298628772	-0.6826757569
Sausage,Egg&CheeseMcGriddles®	2.8671301536	0.8632831109	0.0515908674	-1.1522606988	0.0938644273	-0.2304504684	-0.1524293888	-0.5354774288	0.4245943026	1.161270826	0.6971537238	-0.4298628772	-1.1438693676
SausageMcGriddles®	-0.1730986308	0.8796958052	0.2359809233	-1.0406389646	-0.2701121824	-0.3171382914	-0.1524293888	-0.7317475451	0.2831794417	0.9666593558	0.492625077	-0.4298628772	-0.8364069605
BigBreakfast®(RegularSizeBiscuit)	5.0254605119	0.6423771175	0.1263435928	-1.4364436005	0.1750213741	-0.2187358977	-0.1482142941	-0.7173493513	0.7571103269	1.4565693117	0.8298209541	-0.4298628772	-1.4149764225
BigBreakfast®(LargeSizeBiscuit)	4.5868320843	0.6367879297	0.2728589344	-1.4402447731	0.0665661816	-0.2261160772	-0.1485304262	-0.7352523686	0.9336878019	1.4865499977	0.7891916148	-0.4298628772	-1.3975258534
BigBreakfastwithHotcakes(RegularSizeBiscuit)	3.2906202475	0.5488821414	0.3510132517	-1.292146285	-0.0088170474	-0.2503329966	-0.1495677649	-0.6859597591	0.895544711	0.9278900983	0.3537707664	-0.4298628772	-0.883654624
BigBreakfastwithHotcakes(LargeSizeBiscuit)	3.0760008334	0.5438778081	0.4412150724	-1.3023191345	-0.074672568	-0.2538184902	-0.149717067	-0.64885085	0.8045698854	0.9357149233	0.3503442793	-0.4298628772	-0.899236235
SausageBurrito	2.1662529834	1.0963433698	0.0147128562	-1.4037816732	0.2576539017	-0.1553210217	-0.1420321553	-0.3672459006	1.5276302178	0.922176734	0.8607766412	-0.4298628772	-1.1284962472
McSkillet™BurritowithSausage	4.4182517596	0.7599638551	0.2601632257	-1.4051479721	0.4205483516	-0.1579737639	-0.1268624213	-0.5699511026	1.0992127375	1.1927185811	0.8279179405	0.5982574352	-1.3631253464
Hotcakes	-0.37732774	0.351207049	0.826029102	-0.9870605322	-0.3975039958	-0.3171382914	-0.1524293888	-0.4513616647	1.1882345516	-0.1898888101	-0.6527353448	-0.4298628772	0.2397114644
HotcakesandSausage	-0.0731263396	0.4220341375	0.3920032782	-1.1505434414	-0.1686187047	-0.3171382914	-0.1524293888	-0.6163579713	0.5224968986	0.6287625174	0.0127694058	-0.4298628772	-0.6338956635
HotcakeSyrup1pkg	-0.8229185236	-0.7342191334	-0.5015793002	0.7353868509	-1.271047859	-0.3171382914	-0.1524293888	-0.9560562495	-0.8481394457	-1.2574717325	-1.1436040971	-0.4298628772	1.5079938936
WhippedMargarine(1pat)6g40404.571.580005520000004000HashBrown	-0.8229185236	0.6138101577	1.5635893254	-1.4871259014	-1.0162642322	-0.3171382914	-0.1316349219	-0.9560562495	-0.2146008688	1.2335550864	-0.2845837807	-0.4298628772	-0.9132725622
GrapeJam	-0.8229185236	-0.8108117067	-0.5015793002	1.7275800439	-1.271047859	-0.3171382914	-0.0633102451	-0.9560562495	-0.8481394457	-1.2574717325	-1.1436040971	-0.4298628772	1.6232922963
StrawberryPreserves	-0.8229185236	-0.8108117067	-0.5015793002	1.7275800439	-1.271047859	-0.3171382914	0.0258088985	-0.9560562495	-0.8481394457	-1.2574717325	-1.1436040971	-0.4298628772	1.6232922963
Bacon,Egg&CheeseBagel†	2.7975065936	0.7894259866	0.3281759512	-1.3308554735	0.3668468846	-0.1437626453	-0.1468594423	-0.5354774288	0.8488388854	0.744246247	0.2369642686	0.6900538916	-0.9132725622
Fruit&MapleOatmeal†	-0.5540275335	-0.4304899632	2.1688973709	-0.1076352276	-0.6121246863	-0.2836588563	0.5466949279	-0.5499801468	0.7903223912	-0.6132406586	-0.5511762927	-0.4298628772	0.6452437772
Fruit&MapleOatmealwithoutBrownSugar†	-0.52300165	-0.5059143474	2.4770292944	-0.6216281469	-0.5360950894	-0.2797958445	0.6273631183	-0.6842976269	0.9793756801	-0.5389063039	-0.4828192383	-0.4298628772	0.4525700539
Fruit'nYogurtParfait	-0.5792360638	-0.4446034654	0.4664684931	0.1537135915	-0.3156092586	-0.3171382914	-0.0062182937	0.1479631547	0.339745386	-0.6736373218	-0.6067163993	-0.4298628772	0.6000189727
LowFatCaramelDip	-0.2659300441	-0.4661451266	-0.5015793002	0.1202270712	-1.271047859	-0.3171382914	-0.1524293888	-0.619593193	-0.8481394457	-0.9238520692	-1.1436040971	-0.4298628772	0.9315018803
VanillaReducedFatIceCreamCone	-0.0431346522	-0.5350784426	-0.5015793002	0.0130702064	-0.2519133519	-0.1229575678	-0.1524293888	-0.1709757843	-0.2146008688	-0.1676474992	0.0017563248	-0.4298628772	0.0552340201
KiddieCone	0.0435080002	-0.5044414133	-0.5015793002	0.1797586628	-0.4217691031	-0.1013819318	-0.1524293888	0.0907177041	-0.8481394457	-0.2195438913	-0.1891370788	-0.4298628772	0.3421989334
StrawberrySundae	-0.1266829242	-0.5769308131	0.0515908674	0.5220653144	-0.4521004872	-0.1437626453	-0.1301496029	-0.1148986082	-0.8481394457	-0.2566127427	0.0835677835	-0.4298628772	0.2973606657
HotCaramelSundae	-0.1348739312	-0.4864196313	-0.0460273974	0.1307326462	-0.4842160704	-0.1743583476	-0.1524293888	-0.0901586775	-0.8481394457	-0.2958621149	0.1196610741	-0.4298628772	0.3210985721
HotFudgeSundae	-0.2321731665	-0.4348118012	0.4371337115	0.3312936232	-0.3445619434	-0.1700316826	-0.1524293888	-0.0639193572	0.0157767956	0.0163487999	0.6785602104	-0.4298628772	0.1139313887
Peanuts(forSundaes)	-0.8229185236	-0.8108117067	2.9403684092	-1.4871259014	0.4275096529	-0.3171382914	-0.1524293888	-0.9560562495	-0.8481394457	1.8563117911	-0.1891370788	-0.4298628772	-1.8100379163
McFlurry®withM&M'S®Candiescup	-0.2137123741	-0.6061659248	0.4664684931	0.2513826089	-0.4947539962	-0.2033605237	-0.1524293888	-0.0360400793	-0.2541970298	0.2750935955	0.735502845	1.5299914683	-0.1314052692
McFlurry®withOREO®Cookiescup	-0.1348739312	-0.4053216125	0.4095245053	0.0817066296	-0.3718115292	-0.1743583476	-0.1524293888	-0.1478851823	-0.1027999434	0.207838161	0.3723141083	0.7998496533	-0.0270573889
BakedHotApplePie	-0.8229185236	-0.3420651578	1.9766230506	-0.8370409214	-0.9653075069	-0.2394660019	0.0035291126	-0.8618465936	0.2922299928	0.7976253931	1.2616527888	-0.4298628772	-0.4613028238
CinnamonMelts	-0.5686411743	-0.2563480779	0.5085575276	-0.6174469984	-0.7725581544	-0.2749250906	-0.1524293888	-0.8024535498	0.7012755522	0.4686473947	0.5370878263	-0.4298628772	-0.2114561982
McDonaldland®Cookies	-0.8229185236	-0.0154272911	0.0941424188	-0.8620441899	-0.6830856434	-0.3171382914	-0.1524293888	-0.9560562495	0.9793756801	1.77674318554183E-005	-0.3176230236	-0.4298628772	0.1421512775
cookie	-0.335553604	-0.4230618041	0.4664684931	-0.3150976922	-0.7933285588	-0.2564568153	-0.1524293888	-0.8088536622	1.5276302178	0.7859487049	0.735502845	-0.4298628772	-0.4088420506
cookie	-0.3030626094	-0.1904118625	0.5310050126	-0.4036509347	-0.7614806054	-0.2524113835	-0.1524293888	-0.7990401564	1.0524762851	0.2994200293	0.2880964303	-0.4298628772	-0.1599896649
cookie	-0.5792360638	-0.2938118366	-0.5015793002	-0.627638548	-0.7933285588	-0.2564568153	-0.1524293888	-0.9560562495	0.339745386	0.4940314995	0.4670589962	-0.4298628772	-0.4088420506
AppleDipperswithLowFatCaramelDip	-0.4330265879	-0.5695451007	-0.5015793002	0.3881192333	-1.271047859	-0.3171382914	4.6822841548	-0.2494838308	-0.8481394457	-1.0239379682	-1.1436040971	-0.4298628772	1.1851583662
AppleSlices†	-0.8229185236	-0.8108117067	-0.5015793002	1.0132009449	-1.271047859	-0.3171382914	16.4831440944	0.614104681	-0.8481394457	-1.2574717325	-1.1436040971	-0.4298628772	1.7770234998
ChocolateMcCafé®Shake	-0.1506910483	-0.5255703991	-0.234531633	0.1725738155	-0.546232369	-0.1497411159	-0.1524293888	-0.2454230698	-0.0289085273	-0.049538469	0.337465414	1.7327350212	0.0886307988
ChocolateMcCafé®Shake	-0.1730986308	-0.5235895566	-0.2864575683	0.2144854245	-0.4748490253	-0.1485786355	-0.1524293888	-0.2200433133	0.1417645808	-0.0898029111	0.2880964303	1.3122298743	0.1404267287
ChocolateMcCafé®Shake	-0.1583299969	-0.5209784462	-0.3255706105	0.2318488054	-0.4893253677	-0.1516433565	-0.1524293888	-0.1531330464	-0.0382179695	-0.0898029111	0.3206350786	1.7081600451	0.1689601718
ChocolateTripleThick®Shakecup	-0.1140240951	-0.5131451148	-0.1495619208	0.3028808181	-0.4024673132	-0.1516433565	-0.1524293888	-0.0193125126	0.0157767956	-0.3021063332	0.0277872435	0.9954857377	0.2606748103
ChocolateTripleThick®Shakecup	-0.1506910483	-0.5136853446	-0.234531633	0.323455608	-0.4144477345	-0.1497411159	-0.1524293888	-0.0423850184	-0.0289085273	-0.2911251217	0.0412515118	1.7327350212	0.3112759901
ChocolateTripleThick®Shakecup	-0.1140240951	-0.5153832095	-0.3004265119	0.3150577346	-0.3776507261	-0.128001223	-0.1524293888	-0.0384297317	0.0774850985	-0.286941803	0.0835677835	1.1991069684	0.2816381562
ChocolateTripleThick®Shakecup	-0.1506910483	-0.5077428173	-0.234531633	0.323455608	-0.3815015758	-0.1497411159	-0.1524293888	-0.0423850184	-0.0289085273	-0.2911251217	0.0412515118	1.7327350212	0.2973606657
SnackSizeMcFlurry®withM&M'S®Candies	-0.1882107213	-0.6024086583	0.2188283599	0.2282146094	-0.4711457749	-0.2042425219	-0.1524293888	-0.1344604138	-0.4061357874	0.2632132442	0.854117569	1.0286333799	-0.124953251
SnackSizeMcFlurry®withOREO®Cookies	-0.1348739312	-0.4053216125	0.4095245053	0.0939631337	-0.3718115292	-0.1743583476	-0.1524293888	-0.0901586775	-0.0096325056	0.1162562926	0.3723141083	-0.4298628772	-0.0112321179
SnackSizeMcFlurry®withRolo®†**	-0.2113233304	-0.5404849772	0.1058232368	0.0571936213	-0.5216842508	-0.1743583476	-0.1524293888	-0.1478851823	-0.6618045701	0.1162562926	0.5407494645	0.7998496533	0.0995447788
StrawberryMcCafé®Shake	-0.1388975838	-0.6052211151	-0.5015793002	0.2455567377	-0.5335163078	-0.1468043233	-0.1469571607	-0.1296557598	-0.6814187676	-0.0283466574	0.3634490896	1.7706753353	0.0778891448
StrawberryMcCafé®Shake	-0.1090318808	-0.606924434	-0.5015793002	0.2736676523	-0.517462484	-0.1462045558	-0.1480361915	-0.1267458989	-0.7142932675	-0.0733568714	0.3082612264	1.3367663919	0.1097977712
StrawberryMcCafé®Shake	-0.1428744497	-0.6024086583	-0.5015793002	0.3154353134	-0.4711457749	-0.1477946371	-0.145175505	-0.1344604138	-0.7376385311	-0.0626478223	0.3546871525	1.7578815084	0.1753588675
StrawberryTripleThick®Shakecup	-0.0802672175	-0.597446681	-0.5015793002	0.3881192333	-0.3611063348	-0.1437626453	-0.1450027935	-0.1148986082	-0.6218756682	-0.2566127427	0.0835677835	1.0633594812	0.2781442652
StrawberryTripleThick®Shakecup	-0.1266829242	-0.6015498545	-0.5015793002	0.3881192333	-0.3838548729	-0.1437626453	-0.1468594423	-0.009753903	-0.6784416126	-0.2566127427	0.0835677835	1.8099706605	0.268536065
StrawberryTripleThick®Shakecup	-0.0852851318	-0.5965595083	-0.5015793002	0.3881192333	-0.3930772532	-0.120333504	-0.1482142941	-0.0012286566	-0.7197194639	-0.2475959951	0.1333179949	1.2651462864	0.2646408487
StrawberryTripleThick®Shakecup	-0.1204105314	-0.593454404	-0.5015793002	0.4050133336	-0.4102923631	-0.1422007026	-0.1468092626	-0.0012286566	-0.6769128033	-0.2475959951	0.094623386	1.830149341	0.2937251305
VanillaMcCafé®cup)	-0.1730986308	-0.5937994156	-0.5015793002	-0.0054507332	-0.5633155624	-0.1373413251	-0.1524293888	-0.192783575	-0.6721565077	0.039938069	0.4471742666	1.8929274582	0.1030615056
VanillaMcCafé®cup)	-0.1348739312	-0.5877921549	-0.5015793002	0.0204241088	-0.4842160704	-0.1386633616	-0.1524293888	-0.1767484347	-0.708388289	-0.0211165099	0.3723141083	1.4147059185	0.1074574142
VanillaMcCafé®cup)	-0.1182945434	-0.5865707992	-0.5015793002	0.0642817201	-0.4882788852	-0.1416737821	-0.1524293888	-0.1047641788	-0.7336445222	-0.0757346121	0.3053458342	1.8369566067	0.1563632215
VanillaTripleThickShake®cup	-0.1204105314	-0.5810339867	-0.5015793002	0.1459704622	-0.4102923631	-0.1422007026	-0.1524293888	-0.0012286566	-0.7625261245	-0.2475959951	0.094623386	1.830149341	0.2791829896
VanillaTripleThick®Shake	-0.0802672175	-0.5810339867	-0.5015793002	0.1202270712	-0.4521004872	-0.1437626453	-0.1524293888	-0.1148986082	-0.6218756682	-0.2566127427	0.0835677835	1.0633594812	0.2397114644
VanillaTripleThick®Shakecup	-0.1140240951	-0.5726784332	-0.5015793002	0.1494516707	-0.3677240913	-0.1406103608	-0.1524293888	0.0074515942	-0.6753561975	-0.2384153066	0.1058799995	1.8506949066	0.2900234946
VanillaTripleThick®Shakecup	-0.0852851318	-0.5779288823	-0.5015793002	0.1347077286	-0.3930772532	-0.120333504	-0.1524293888	-0.0012286566	-0.7197194639	-0.2475959951	0.1333179949	1.2651462864	0.2646408487
1%LowFatMilkJug	-0.0431346522	0.0508547435	-0.5015793002	0.0130702064	1.7863556624	0.1683135176	-0.0900459882	2.576805844	-0.8481394457	-0.3233366754	0.1449263775	-0.4298628772	-0.5904370348
1%LowFatChocolateMilkJug	-0.5935703262	-0.2025765654	0.4095245053	0.3513497209	0.7522338831	-0.0315784038	-0.0973852118	1.1220979232	-0.8481394457	-0.5706077199	-0.3856449944	-0.4298628772	-0.0587079308
MinuteMaid®OrangeJuicecup	-0.8229185236	-0.8108117067	-0.5015793002	1.0132009449	-0.7614806054	-0.3171382914	1.303183291	-0.7990401564	-0.8481394457	-1.2574717325	-1.1436040971	-0.4298628772	0.700905075
MinuteMaid®OrangeJuicecup	-0.8229185236	-0.8108117067	-0.5015793002	1.0789990198	-0.6676129535	-0.3171382914	1.3250722035	-0.7081361026	-0.8481394457	-1.2574717325	-1.1436040971	-0.4298628772	0.7858617927
MinuteMaid®OrangeJuice(Large)cup	-0.8229185236	-0.798502186	-0.5015793002	1.1024983323	-0.7250829445	-0.3171382914	1.2957566957	-0.7878247212	-0.8481394457	-1.2574717325	-1.1436040971	-0.4298628772	0.8162034777
Coca-Cola®cup	-0.8229185236	-0.7794783813	-0.5015793002	1.8087594869	-1.271047859	-0.3171382914	-0.1524293888	-0.9560562495	-0.8481394457	-1.2574717325	-1.1436040971	-0.4298628772	1.728109026
Coca-Cola®cup	-0.8229185236	-0.7648561627	-0.5015793002	1.846643227	-1.271047859	-0.3171382914	-0.1524293888	-0.9560562495	-0.8481394457	-1.2574717325	-1.1436040971	-0.4298628772	1.7770234998
Coca-Cola®Classiccup	-0.8229185236	-0.7615736239	-0.5015793002	1.9657064102	-1.271047859	-0.3171382914	-0.1524293888	-0.9560562495	-0.8481394457	-1.2574717325	-1.1436040971	-0.4298628772	1.9307547034
Coca-Cola®cup	-0.8229185236	-0.7663385996	-0.5015793002	1.9810694015	-1.271047859	-0.3171382914	-0.1524293888	-0.9560562495	-0.8481394457	-1.2574717325	-1.1436040971	-0.4298628772	1.9505909877
cup	-0.8229185236	-0.6228117539	-0.5015793002	1.6951082666	-1.271047859	-0.3171382914	-0.1524293888	-0.9560562495	-0.8481394457	-1.2574717325	-1.1436040971	-0.4298628772	1.5813656044
cup	-0.8229185236	-0.6269895307	-0.5015793002	1.7632989988	-1.271047859	-0.3171382914	-0.1524293888	-0.9560562495	-0.8481394457	-1.2574717325	-1.1436040971	-0.4298628772	1.6694116573
Sprite®cup	-0.8229185236	-0.6302720695	-0.5015793002	1.846643227	-1.271047859	-0.3171382914	-0.1524293888	-0.9560562495	-0.8481394457	-1.2574717325	-1.1436040971	-0.4298628772	1.7770234998
cup	-0.8229185236	-0.6329192783	-0.5015793002	1.8600858445	-1.271047859	-0.3171382914	-0.1524293888	-0.9560562495	-0.8481394457	-1.2574717325	-1.1436040971	-0.4298628772	1.7943802486
Hi-C®OrangeLavaburstcup	-0.8229185236	-0.8108117067	-0.5015793002	1.846643227	-1.271047859	-0.3171382914	1.2771902074	-0.9560562495	-0.8481394457	-1.2574717325	-1.1436040971	-0.4298628772	1.7770234998
Hi-C®OrangeLavaburstcup	-0.8229185236	-0.7892700455	-0.5015793002	1.9508235123	-1.271047859	-0.3171382914	1.3096815619	-0.9560562495	-0.8481394457	-1.2574717325	-1.1436040971	-0.4298628772	1.9115383029
Hi-C®OrangeLavaburstcup	-0.8229185236	-0.7820894917	-0.5015793002	1.846643227	-1.271047859	-0.3171382914	1.2122074985	-0.9560562495	-0.8481394457	-1.2574717325	-1.1436040971	-0.4298628772	1.7770234998
Hi-C®OrangeLavaburstcup	-0.8229185236	-0.7911164736	-0.5015793002	1.8704558636	-1.271047859	-0.3171382914	1.2734769098	-0.9560562495	-0.8481394457	-1.2574717325	-1.1436040971	-0.4298628772	1.8077697405
POWERade®MountainBlastcup	-0.8229185236	-0.1707166294	-0.5015793002	1.3703904944	-1.271047859	-0.3171382914	-0.1524293888	-0.9560562495	-0.8481394457	-1.2574717325	-1.1436040971	-0.4298628772	2.0844859069
POWERade®MountainBlastcup	-0.8229185236	-0.2248785206	-0.5015793002	1.1382172872	-1.271047859	-0.3171382914	-0.1524293888	-0.9560562495	-0.8481394457	-1.2574717325	-1.1436040971	-0.4298628772	1.8308294211
POWERade®MountainBlastcup	-0.8229185236	-0.2133896346	-0.5015793002	1.0965451731	-1.271047859	-0.3171382914	-0.1524293888	-0.9560562495	-0.8481394457	-1.2574717325	-1.1436040971	-0.4298628772	1.6694116573
POWERade®MountainBlastcup	-0.8229185236	-0.2154785229	-0.5015793002	1.1268521652	-1.271047859	-0.3171382914	-0.1524293888	-0.9560562495	-0.8481394457	-1.2574717325	-1.1436040971	-0.4298628772	1.728109026
CoffeeCream(11ml)	3.0760008334	-0.2938118366	-0.5015793002	-1.4871259014	-1.271047859	0.1683135176	-0.1524293888	0.2215644484	-0.8481394457	3.4132035528	5.2990482758	-0.4298628772	-2.5274501995
SugarPacket1pkg	-0.8229185236	-0.8108117067	-0.5015793002	1.846643227	-1.271047859	-0.3171382914	-0.1524293888	-0.9560562495	-0.8481394457	-1.2574717325	-1.1436040971	-0.4298628772	1.7770234998
IcedCoffee--	0.3767489708	-0.3866066851	-0.5015793002	0.4362024419	-0.9770667512	-0.167768504	-0.1524293888	-0.5937114194	-0.8481394457	0.5389418388	1.1691429086	-0.4298628772	0.0800675222
IcedCoffee--Caramel11.5floz(85	0.4083191681	-0.3935837413	-0.5015793002	0.289422121	-0.868757922	-0.1638377201	-0.1524293888	-0.5841760291	-0.8481394457	0.4633033727	1.1169756829	-0.4298628772	-0.2336188202
IcedCoffee--	0.3323168414	-0.4023179822	-0.5015793002	0.4112704078	-0.9879549404	-0.1733007184	-0.1524293888	-0.6071315983	-0.8481394457	0.4724080028	1.0834856121	-0.4298628772	-0.0762915652
IcedCoffee--Hazelnut	0.3767489708	-0.5987091959	-0.5015793002	0.5323688591	-0.9770667512	-0.0930836103	-0.1524293888	-0.5937114194	-0.8481394457	0.5389418388	1.1691429086	-0.4298628772	0.0800675222
IcedCoffee--Hazelnut11.5floz(85	0.4083191681	-0.5931275509	-0.5015793002	0.4210182708	-0.868757922	-0.1127375297	-0.1524293888	-0.5841760291	-0.8481394457	0.4633033727	1.1169756829	-0.4298628772	-0.0637053847
IcedCoffee--Hazelnut	0.3323168414	-0.5937994156	-0.5015793002	0.5038751058	-0.9879549404	-0.1373413251	-0.1524293888	-0.6071315983	-0.8481394457	0.4724080028	1.0834856121	-0.4298628772	0.0432771487
IcedCoffee--	0.2910584355	-0.6138593752	-0.5015793002	0.4774166207	-0.9980654017	-0.1784377745	-0.1524293888	-0.619593193	-0.8481394457	0.4106265837	1.0039466939	-0.4298628772	0.009114659
IcedCoffee--Regular11.5floz(86	0.3467572835	-0.6040117587	-0.5015793002	0.3881192333	-0.8888724188	-0.1715027487	-0.1524293888	-0.6027700401	-0.8481394457	0.3772646174	1.0039466939	-0.4298628772	-0.1061837436
IcedCoffee--	0.2910584355	-0.6015498545	-0.5015793002	0.5220653144	-0.9980654017	-0.1784377745	-0.1524293888	-0.619593193	-0.8481394457	0.4106265837	1.0039466939	-0.4298628772	0.0667638604
IcedCoffee--Vanilla11.5floz(85	0.4083191681	-0.5931275509	-0.5015793002	0.3552201959	-0.868757922	-0.1638377201	-0.1524293888	-0.5841760291	-0.8481394457	0.4633033727	1.1169756829	-0.4298628772	-0.0637053847
IcedCoffee--Vanilla(Large)†cup	0.3323168414	-0.6065648444	-0.5015793002	0.5038751058	-0.9879549404	-0.1733007184	-0.1524293888	-0.6071315983	-0.8481394457	0.4724080028	1.0834856121	-0.4298628772	0.0432771487
IcedCoffeewithSugarFreeVanillaSyrup	1.7763610477	-0.0065896865	-0.5015793002	-1.2787653309	-0.634088792	0.0064962479	-0.1524293888	-0.1709757843	-0.8481394457	2.634757672	3.8673477485	-0.4298628772	-0.3752133498
IcedCoffeewithSugarFreeVanillaSyrup11.5floz(85	1.7763610477	-0.0448859732	-0.5015793002	-1.2093118074	-0.4217691031	0.0064962479	-0.1524293888	-0.1709757843	-0.8481394457	2.3752757117	3.628730994	-0.4298628772	-0.5545664206
IcedCoffeewithSugarFreeVanillaSyrup	1.7763610477	-0.0065896865	-0.5015793002	-1.2787653309	-0.634088792	0.0064962479	-0.1524293888	-0.1709757843	-0.8481394457	2.634757672	3.8673477485	-0.4298628772	-0.3752133498
ml)	-0.52300165	0.0906239643	0.6898641377	0.5323688591	1.3747821114	0.0562861771	-0.1284357732	2.2144610139	0.6138726549	-1.2574717325	-1.1436040971	-0.4298628772	0.4525700539
FrozenStrawberryLemonade(12flozcup)†	-0.8229185236	-0.7418783907	-0.5015793002	1.7007908276	-1.0799601389	-0.2685931105	1.485134876	-0.8382941797	-0.8481394457	-1.2574717325	-1.1436040971	-0.4298628772	1.3465761299
FrozenStrawberryLemonade(16flozcup)†	-0.8229185236	-0.7418783907	-0.5015793002	1.7632989988	-1.1181776829	-0.2394660019	1.4695390258	-0.8618465936	-0.8481394457	-1.2574717325	-1.1436040971	-0.4298628772	1.4111432354
FrozenStrawberryLemonade(22flozcup)†	-0.8229185236	-0.737700614	-0.5015793002	1.6951082666	-1.0394263801	-0.2582956479	1.3598954733	-0.8133143467	-0.5601673653	-1.1867039251	-1.0134495037	-0.4298628772	1.385707709
SweetTea(Child)†cup	-0.8229185236	-0.7794783813	-0.5015793002	1.5814570463	-1.271047859	-0.3171382914	-0.1524293888	-0.9560562495	-0.8481394457	-1.2574717325	-1.1436040971	-0.4298628772	1.4346221828
SweetTea(Large)†cup	-0.8229185236	-0.7738831446	-0.5015793002	1.5936339628	-1.1345566304	-0.3171382914	-0.1524293888	-0.9560562495	-0.8481394457	-1.2574717325	-1.1436040971	-0.4298628772	1.4503446923
SweetTea(Medium)†cup	-0.8229185236	-0.7725154201	-0.5015793002	1.6382826565	-1.05872817	-0.3171382914	-0.1524293888	-0.9560562495	-0.8481394457	-1.2574717325	-1.1436040971	-0.4298628772	1.5079938936
SweetTea(Small)†cup	-0.8229185236	-0.7648561627	-0.5015793002	1.5132663142	-1.0162642322	-0.3171382914	-0.1524293888	-0.9560562495	-0.8481394457	-1.2574717325	-1.1436040971	-0.4298628772	1.3465761299
NonfatCappuccinocup	-0.1730986308	0.1657436036	-0.5015793002	0.3881192333	2.5507065427	0.3301307872	-0.1524293888	3.9506966581	-0.8481394457	-1.2574717325	-1.1436040971	-0.4298628772	-0.1061837436
NonfatCappuccinocup	-0.335553604	0.1370213886	-0.5015793002	0.3881192333	2.5507065427	0.2896764698	-0.1524293888	3.4600213674	0.339745386	-1.2574717325	-1.1436040971	-0.4298628772	-0.1061837436
NonfatCappuccinocup	-0.3897052617	0.1848917469	-0.5015793002	0.3186657098	2.5507065427	0.2222526075	-0.1524293888	3.6235797976	0.2077581825	-1.2574717325	-1.1436040971	-0.4298628772	-0.195860279
NonfatLattecup	-0.3897052617	0.0700028869	-0.5015793002	0.3186657098	2.5507065427	0.2222526075	-0.1524293888	2.9693460766	-0.8481394457	-1.2574717325	-1.1436040971	-0.4298628772	-0.195860279
NonfatLattecup	-0.4684713094	0.0665214063	-0.5015793002	0.2176424029	2.2032743244	0.1241815349	-0.1524293888	3.3262008335	0.0157767956	-1.2574717325	-1.1436040971	-0.4298628772	-0.326298876
NonfatLattecup	-0.4980085772	0.1082991735	-0.5015793002	0.3881192333	2.5507065427	0.2896764698	-0.1524293888	3.4600213674	-0.0562162245	-1.2574717325	-1.1436040971	-0.4298628772	-0.1061837436
NonfatCaramelCappuccinocup	-0.5629905665	-0.2593451786	-0.5015793002	1.1798894013	0.0028702749	-0.1229575678	-0.1524293888	0.614104681	-0.8481394457	-1.2574717325	-1.1436040971	-0.4298628772	1.0237406024
NonfatCaramelCappuccinocup	-0.6177122417	-0.2666013171	-0.5015793002	1.2105951696	-0.0641780479	-0.1127375297	-0.1524293888	0.5934446687	-0.3479774113	-1.2574717325	-1.1436040971	-0.4298628772	0.9557752282
NonfatCaramelCappuccinocup	-0.6534002907	-0.2713335814	-0.5015793002	1.1762657392	-0.107905215	-0.1482854883	-0.1524293888	0.3239662482	-0.4349621129	-1.2574717325	-1.1436040971	-0.4298628772	0.9114499842
NonfatCaramelcup	-0.5935703262	-0.2025765654	-0.5015793002	1.1602789947	0.3026157182	-0.0886903813	-0.1524293888	0.7757388944	-0.8481394457	-1.2574717325	-1.1436040971	-0.4298628772	0.8908083264
NonfatCaramelcup	-0.6456949165	-0.2468118484	-0.5015793002	1.070026555	0.2923971235	-0.0964783782	-0.1524293888	0.6497901567	-0.4161813251	-1.2574717325	-1.1436040971	-0.4298628772	0.7742767858
NonfatCaramelcup	-0.6729600868	-0.2275298019	-0.5015793002	1.0612841535	0.1988576801	-0.1304260572	-0.1524293888	0.6292023822	-0.4826364206	-1.2574717325	-1.1436040971	-0.4298628772	0.7629888303
NonfatHazelnutCappuccinocup	-0.5629905665	-0.4891228986	-0.5015793002	1.3465778577	0.0028702749	-0.0582306599	-0.1524293888	0.614104681	-0.8481394457	-1.2574717325	-1.1436040971	-0.4298628772	1.1313524449
NonfatHazelnutCappuccinocup	-0.6177122417	-0.4842854729	-0.5015793002	1.3421913194	-0.0641780479	-0.0616373393	-0.1524293888	0.5934446687	-0.3479774113	-1.2574717325	-1.1436040971	-0.4298628772	1.1256886637
NonfatHazelnutCappuccinocup	-0.6534002907	-0.5111016371	-0.5015793002	1.2849756021	-0.107905215	-0.1060722875	-0.1524293888	0.3239662482	-0.4349621129	-1.2574717325	-1.1436040971	-0.4298628772	1.051813257
NonfatHazelnutcup	-0.6063118927	-0.4469969833	-0.5015793002	1.0826544684	0.2151899639	-0.047442842	-0.1524293888	0.6795280531	-0.8481394457	-1.2574717325	-1.1436040971	-0.4298628772	0.7905816104
NonfatHazelnutcup	-0.6456949165	-0.4504784639	-0.5015793002	1.1268521652	0.2923971235	0.0138515784	-0.1524293888	0.6497901567	-0.4161813251	-1.2574717325	-1.1436040971	-0.4298628772	0.8476484966
NonfatHazelnutcup	-0.6729600868	-0.4528887197	-0.5015793002	1.1574505706	0.1988576801	-0.0370699401	-0.1524293888	0.6292023822	-0.4826364206	-1.2574717325	-1.1436040971	-0.4298628772	0.8871563408
NonfatVanillaCappuccinocup	-0.5629905665	-0.4891228986	-0.5015793002	1.3465778577	0.0028702749	-0.1229575678	-0.1524293888	0.614104681	-0.8481394457	-1.2574717325	-1.1436040971	-0.4298628772	1.1313524449
NonfatVanillaCappuccinocup	-0.6177122417	-0.4842854729	-0.5015793002	1.2763932445	-0.0641780479	-0.1127375297	-0.1524293888	0.5934446687	-0.3479774113	-1.2574717325	-1.1436040971	-0.4298628772	1.040731946
NonfatVanillaCappuccinocup	-0.6534002907	-0.5111016371	-0.5015793002	1.2849756021	-0.107905215	-0.1482854883	-0.1524293888	0.3239662482	-0.4349621129	-1.2574717325	-1.1436040971	-0.4298628772	1.051813257
NonfatVanillacup	-0.6063118927	-0.4469969833	-0.5015793002	1.0826544684	0.2151899639	-0.1013819318	-0.1524293888	0.6795280531	-0.8481394457	-1.2574717325	-1.1436040971	-0.4298628772	0.7905816104
NonfatVanillacup	-0.6456949165	-0.4504784639	-0.5015793002	1.1268521652	0.2923971235	-0.0964783782	-0.1524293888	0.6497901567	-0.4161813251	-1.2574717325	-1.1436040971	-0.4298628772	0.8476484966
NonfatVanillacup	-0.6729600868	-0.4528887197	-0.5015793002	1.1574505706	0.1988576801	-0.1304260572	-0.1524293888	0.6292023822	-0.4826364206	-1.2574717325	-1.1436040971	-0.4298628772	0.8871563408
NonfatCappuccinowithSugarFreeVanillaSyrupcup	-0.0431346522	0.5678546137	-0.5015793002	0.5131355756	2.5507065427	0.2654038794	-0.1524293888	3.7544265418	1.0524762851	-1.2574717325	-1.1436040971	-0.4298628772	2.3150827122
NonfatCappuccinowithSugarFreeVanillaSyrupcup	-0.2659300441	0.4693784479	-0.5015793002	0.2988218459	2.5507065427	0.237663776	-0.1524293888	3.249731957	0.5094432192	-1.2574717325	-1.1436040971	-0.4298628772	1.8538891016
NonfatCappuccinowithSugarFreeVanillaSyrupcup	-0.335553604	0.4816879687	-0.5015793002	0.2318488054	2.5507065427	0.1683135176	-0.1524293888	2.7240084312	0.339745386	-1.2574717325	-1.1436040971	-0.4298628772	1.9115383029
NonfatLattewithSugarFreeVanillaSyrupcup	-0.335553604	0.3093546786	-0.5015793002	0.2318488054	2.0729872425	0.1683135176	-0.1524293888	2.7240084312	0.339745386	-1.2574717325	-1.1436040971	-0.4298628772	1.1044494843
NonfatLattewithSugarFreeVanillaSyrupcup	-0.3897052617	0.414669467	-0.5015793002	0.3186657098	2.5507065427	0.2222526075	-0.1524293888	3.6235797976	0.2077581825	-1.2574717325	-1.1436040971	-0.4298628772	1.4183173582
NonfatLattewithSugarFreeVanillaSyrupcup	-0.4684713094	0.3798546609	-0.5015793002	0.2176424029	2.5507065427	0.3448414481	-0.1524293888	3.3262008335	0.0157767956	-1.2574717325	-1.1436040971	-0.4298628772	1.4346221828
MochawithNonfatMilkcup	-0.6604635504	-0.4374229116	-0.5015793002	0.283938948	-0.1563694918	-0.1553210217	-0.1524293888	0.2706319774	-0.0562162245	-0.3817201165	-0.0698287016	-0.4298628772	0.2301032641
MochawithNonfatMilkcup	-0.5444242838	-0.4169070438	-0.5015793002	0.3881192333	-0.1791180299	-0.1437626453	-0.1524293888	0.0953908022	-0.1693481133	-0.4234225744	-0.0698287016	-0.4298628772	0.355009867
MochawithNonfatMilkcup	-0.5866203808	-0.4139229175	-0.5015793002	0.4070611034	-0.1129404645	-0.1700316826	-0.1524293888	0.1145080213	0.0157767956	-0.5497936589	-0.2325219433	-0.4298628772	0.3095892842
HotChocolatewithNonfatMilkcup	-0.5110049751	-0.424785137	-0.5015793002	0.3631159648	-0.0480864505	-0.1229575678	-0.1524293888	0.4570885879	-0.0878931534	-0.4167501811	-0.1127797174	-0.4298628772	0.2489353366
HotChocolatewithNonfatMilkcup	-0.5713753393	-0.3883171892	-0.5015793002	0.4082831595	0.0850585416	-0.0822422548	-0.1524293888	0.5634543284	-0.2350375971	-0.504137009	-0.1737424495	-0.4298628772	0.3364133505
HotChocolatewithNonfatMilkcup	-0.6229739412	-0.3689314758	-0.5015793002	0.4041469695	0.2968513827	-0.0681886458	-0.1524293888	0.855667901	-0.3608020788	-0.6586672087	-0.3726884285	-0.4298628772	0.2870133731
IcedNonfatLattecup	-0.0431346522	0.1542547176	-0.5015793002	0.263102891	2.5507065427	0.2654038794	-0.1524293888	2.576805844	-0.8481394457	-1.2574717325	-1.1436040971	-0.4298628772	-0.2676015073
IcedNonfatLattecup	-0.1730986308	0.2231880336	-0.5015793002	0.3881192333	2.5507065427	0.3301307872	-0.1524293888	2.9693460766	0.7357069966	-1.2574717325	-1.1436040971	-0.4298628772	-0.1061837436
IcedNonfatLattecup	-0.2659300441	0.2231880336	-0.5015793002	0.4774166207	2.5507065427	0.237663776	-0.1524293888	3.249731957	0.5094432192	-1.2574717325	-1.1436040971	-0.4298628772	0.009114659
IcedNonfatCaramelLattecup	-0.8229185236	-0.2938118366	-0.5015793002	1.1917957196	-0.4521004872	-0.1784377745	-0.1524293888	-0.1148986082	-0.8481394457	-1.2574717325	-1.1436040971	-0.4298628772	0.9315018803
IcedNonfatCaramelLattecup	-0.5629905665	-0.2593451786	-0.5015793002	1.1798894013	0.0028702749	-0.1229575678	-0.1524293888	0.2215644484	-0.2146008688	-1.2574717325	-1.1436040971	-0.4298628772	0.91612876
IcedNonfatCaramelLattecup	-0.6177122417	-0.2666013171	-0.5015793002	1.1447970947	-0.0641780479	-0.1638377201	-0.1524293888	0.2835444851	-0.3479774113	-1.2574717325	-1.1436040971	-0.4298628772	0.8708185105
IcedNonfatHazelnutLattecup	-0.8229185236	-0.5646212924	-0.5015793002	1.3703904944	-0.4521004872	-0.1090875161	-0.1524293888	-0.1148986082	-0.8481394457	-1.2574717325	-1.1436040971	-0.4298628772	1.1620986856
IcedNonfatHazelnutLattecup	-0.5629905665	-0.4891228986	-0.5015793002	1.2632336295	0.0028702749	-0.0582306599	-0.1524293888	0.2215644484	-0.2146008688	-1.2574717325	-1.1436040971	-0.4298628772	1.0237406024
IcedNonfatHazelnutLattecup	-0.6177122417	-0.5205661656	-0.5015793002	1.2763932445	-0.0641780479	-0.0616373393	-0.1524293888	0.2835444851	-0.3479774113	-1.2574717325	-1.1436040971	-0.4298628772	1.040731946
IcedNonfatVanillaLattecup	-0.8229185236	-0.5646212924	-0.5015793002	1.281093107	-0.4521004872	-0.1784377745	-0.1524293888	-0.1148986082	-0.8481394457	-1.2574717325	-1.1436040971	-0.4298628772	1.046800283
IcedNonfatVanillaLattecup	-0.5629905665	-0.4891228986	-0.5015793002	1.2632336295	0.0028702749	-0.1229575678	-0.1524293888	0.2215644484	-0.2146008688	-1.2574717325	-1.1436040971	-0.4298628772	1.0237406024
IcedNonfatVanillaLattecup	-0.6177122417	-0.5024258193	-0.5015793002	1.2105951696	-0.0641780479	-0.1638377201	-0.1524293888	0.2835444851	-0.3479774113	-1.2574717325	-1.1436040971	-0.4298628772	0.9557752282
IcedNonfatLattewithSugarFreeVanillaSyrupcup	-0.8229185236	0.6540212587	-0.5015793002	0.0755783775	2.5507065427	0.1683135176	-0.1524293888	3.4600213674	1.5276302178	-1.2574717325	-1.1436040971	-0.4298628772	2.7186271216
IcedNonfatLattewithSugarFreeVanillaSyrupcup	-0.0431346522	0.5678546137	-0.5015793002	0.0130702064	2.5507065427	0.2654038794	-0.1524293888	2.576805844	1.0524762851	-1.2574717325	-1.1436040971	-0.4298628772	1.9922471848
IcedNonfatLattewithSugarFreeVanillaSyrupcup	-0.1730986308	0.6827434737	-0.5015793002	0.1797586628	2.5507065427	0.1683135176	-0.1524293888	2.9693460766	0.7357069966	-1.2574717325	-1.1436040971	-0.4298628772	2.5841123185
IcedMochawithNonfatMilkcup	-0.5341096824	-0.4533796977	-0.5015793002	0.1334563138	-0.2802226437	-0.1373413251	-0.1524293888	0.1343332856	-0.1442076936	-0.0465559177	0.2880964303	-0.4298628772	0.0432771487
IcedMochawithNonfatMilkcup	-0.5935703262	-0.4458706219	-0.5015793002	0.277810696	-0.3718115292	-0.1743583476	-0.1524293888	-0.0901586775	-0.0096325056	-0.2958621149	0.1196610741	-0.4298628772	0.2261469464
IcedMochawithNonfatMilkcup	-0.4838820578	-0.4661451266	-0.5015793002	0.0891671104	-0.2740684499	-0.1482854883	-0.1524293888	0.0679617486	-0.0217847801	-0.0390347015	0.5370878263	-0.4298628772	-0.0710929254
IcedNonfatCaramelMochacup	-0.5629905665	-0.2823229506	-0.5015793002	0.3881192333	0.1302620883	-0.0744123869	-0.1420321553	0.2215644484	-0.5313701572	-0.3233366754	0.0017563248	-0.4298628772	0.1090399413
IcedNonfatCaramelMochacup	-0.4980085772	-0.2650896216	-0.5015793002	0.283938948	0.1621100416	-0.1148667043	-0.139432847	0.2706319774	-0.4521778351	-0.0898029111	0.2880964303	-0.4298628772	-0.0389263421
IcedNonfatCaramelMochacup	-0.4330265879	-0.3282784946	-0.5015793002	0.1380865487	-0.1245215385	-0.1229575678	-0.1368335386	-0.0728407261	-0.372985513	-0.0898029111	0.5744365357	-0.4298628772	-0.1868926255
NonfatCaramelcup	-0.5444242838	-0.1707166294	-0.5015793002	0.5667140081	0.3668468846	-0.0570748223	-0.1301496029	0.5159696228	-0.5087437795	-0.6736373218	-0.3766216717	-0.4298628772	0.2973606657
NonfatCaramelMochacup	-0.6604635504	-0.2363674066	-0.5015793002	0.4922995186	0.1621100416	-0.1148667043	-0.139432847	0.2706319774	-0.4521778351	-0.5763315867	-0.2487912675	-0.4298628772	0.2301032641
NonfatCaramelcup	-0.6279725558	-0.2248785206	-0.5015793002	0.4506274045	0.2576539017	-0.0744123869	-0.1368335386	0.2215644484	-0.372985513	-0.4401035575	-0.0698287016	-0.4298628772	0.2166517838
Cappuccinocup	0.476721262	-0.3225340516	-0.5015793002	-0.5495033341	0.6398293419	-0.1553210217	-0.1524293888	1.4973202043	-0.8481394457	1.0778659102	1.7197969576	-0.4298628772	-1.3168169716
Cappuccinocup	0.5695526753	-0.2938118366	-0.5015793002	-0.5048546404	0.9128117991	-0.1784377745	-0.1524293888	1.1468378538	-0.1693481133	1.0778659102	1.6175326342	-0.4298628772	-1.2591677702
Cappuccinocup	0.476721262	-0.3129599799	-0.5015793002	-0.5842300958	0.6398293419	-0.1553210217	-0.1524293888	1.3337617741	-0.3201906316	1.0778659102	1.7197969576	-0.4298628772	-1.3616552393
cup	0.476721262	-0.3282784946	-0.5015793002	-0.5703393911	0.7672211552	-0.1229575678	-0.1524293888	1.3991851462	-0.8481394457	0.922176734	1.4334568521	-0.4298628772	-1.3437199322
cup	0.476721262	-0.3129599799	-0.5015793002	-0.5842300958	0.8521490308	-0.1553210217	-0.1524293888	1.3337617741	-0.3201906316	1.0778659102	1.7197969576	-0.4298628772	-1.3616552393
cup	0.476721262	-0.318430878	-0.5015793002	-0.5346204362	0.7308234943	-0.1322042689	-0.1524293888	1.287030794	-0.3956118908	0.9666593558	1.7197969576	-0.4298628772	-1.2976005711
CaramelCappuccinocup	-0.2380806201	-0.3799784816	-0.5015793002	0.5131355756	-0.3156092586	-0.2200479296	-0.1524293888	0.2215644484	-0.8481394457	-0.2065697933	0.1449263775	-0.4298628772	0.0552340201
CaramelCappuccinocup	-0.1730986308	-0.3799784816	-0.5015793002	0.5964798038	-0.3156092586	-0.2362296566	-0.1524293888	0.025294332	-0.4521778351	-0.2844143814	0.1091338643	-0.4298628772	0.2301032641
CaramelCappuccinocup	-0.1506910483	-0.3591796363	-0.5015793002	0.6252191929	-0.2167707827	-0.2501794212	-0.1524293888	0.0591340073	-0.5204470783	-0.1300673532	0.1893584629	-0.4298628772	0.1999533945
CaramelLattecup	-0.144845592	-0.3912176092	-0.5015793002	0.415296699	-0.107905215	-0.2327118898	-0.1524293888	0.3239662482	-0.8481394457	-0.0390347015	0.3503442793	-0.4298628772	-0.0710929254
CaramelLattecup	-0.1266829242	-0.3922880023	-0.5015793002	0.432767927	-0.1791180299	-0.247788033	-0.1524293888	0.3056802125	-0.5087437795	-0.0898029111	0.2369642686	-0.4298628772	-0.0485345423
CaramelLattecup	-0.1140240951	-0.3721451502	-0.5015793002	0.4449448435	-0.228751204	-0.2288743261	-0.1524293888	0.2929353997	-0.5601673653	-0.1251868148	0.1579418369	-0.4298628772	0.016102441
HazelnutCappuccinocup	-0.2380806201	-0.5695451007	-0.5015793002	0.6381519179	-0.3156092586	-0.1715027487	-0.1524293888	0.2215644484	-0.8481394457	-0.2065697933	0.1449263775	-0.4298628772	0.2166517838
HazelnutCappuccinocup	-0.1730986308	-0.5666728792	-0.5015793002	0.7006600891	-0.3156092586	-0.1957753391	-0.1524293888	0.025294332	-0.4521778351	-0.2844143814	0.1091338643	-0.4298628772	0.2973606657
HazelnutCappuccinocup	-0.1506910483	-0.5612255625	-0.5015793002	0.71143736	-0.3485554172	-0.183220551	-0.1524293888	0.0591340073	-0.5204470783	-0.1300673532	0.1893584629	-0.4298628772	0.3112759901
HazelnutLattecup	-0.144845592	-0.541072644	-0.5015793002	0.4696516305	-0.107905215	-0.190498689	-0.1524293888	0.3239662482	-0.8481394457	-0.0390347015	0.3503442793	-0.4298628772	-0.000911289
HazelnutLattecup	-0.1266829242	-0.5400022509	-0.5015793002	0.5220653144	-0.1791180299	-0.1784377745	-0.1524293888	0.3056802125	-0.5087437795	-0.0898029111	0.2369642686	-0.4298628772	0.0667638604
HazelnutLattecup	-0.1140240951	-0.5392562194	-0.5015793002	0.5207123236	-0.228751204	-0.1700316826	-0.1524293888	0.1145080213	-0.5601673653	-0.1251868148	0.1579418369	-0.4298628772	0.0650169149
VanillaCappuccinocup	-0.2380806201	-0.5695451007	-0.5015793002	0.6381519179	-0.3156092586	-0.2200479296	-0.1524293888	0.2215644484	-0.8481394457	-0.2065697933	0.1449263775	-0.4298628772	0.2166517838
VanillaCappuccinocup	-0.1730986308	-0.5666728792	-0.5015793002	0.7006600891	-0.3156092586	-0.2362296566	-0.1524293888	0.025294332	-0.4521778351	-0.2844143814	0.1091338643	-0.4298628772	0.2973606657
VanillaCappuccinocup	-0.1506910483	-0.5612255625	-0.5015793002	0.71143736	-0.3485554172	-0.2501794212	-0.1524293888	0.0591340073	-0.5204470783	-0.1300673532	0.1893584629	-0.4298628772	0.3112759901
VanillaLattecup	-0.144845592	-0.541072644	-0.5015793002	0.4696516305	-0.107905215	-0.2327118898	-0.1524293888	0.3239662482	-0.8481394457	-0.0390347015	0.3503442793	-0.4298628772	-0.000911289
VanillaLattecup	-0.1266829242	-0.5400022509	-0.5015793002	0.4774166207	-0.1791180299	-0.247788033	-0.1524293888	0.3056802125	-0.5087437795	-0.0898029111	0.2369642686	-0.4298628772	0.009114659
VanillaLattecup	-0.1140240951	-0.5392562194	-0.5015793002	0.5207123236	-0.228751204	-0.2288743261	-0.1524293888	0.1145080213	-0.5601673653	-0.1251868148	0.1579418369	-0.4298628772	0.0650169149
CappuccinowithSugarFreeVanillaSyrupcup	0.3467572835	-0.0870118885	-0.5015793002	-0.6120115052	0.6398293419	-0.1229575678	-0.1524293888	1.3991851462	0.1021684197	1.0778659102	1.4334568521	-0.4298628772	-0.1061837436
CappuccinowithSugarFreeVanillaSyrupcup	0.476721262	-0.0640341165	-0.5015793002	-0.5495033341	0.6398293419	-0.1553210217	-0.1524293888	1.0066449136	-0.0562162245	1.0778659102	1.3618718257	-0.4298628772	-0.1061837436
CappuccinowithSugarFreeVanillaSyrupcup	0.476721262	-0.0755230025	-0.5015793002	-0.5703393911	0.7672211552	-0.1876844757	-0.1524293888	1.0066449136	-0.2146008688	0.922176734	1.4334568521	-0.4298628772	-0.1599896649
LattewithSugarFreeVanillacup	0.3767489708	-0.1479913604	-0.5015793002	-0.5254617298	0.7868198958	-0.167768504	-0.1524293888	1.3085989387	-0.1171333954	0.8982245531	1.499535338	-0.4298628772	-0.41660252
LattewithSugarFreeVanillacup	0.3954937754	-0.164561869	-0.5015793002	-0.627638548	0.6398293419	-0.135093863	-0.1524293888	1.2519825589	-0.2541970298	0.7859487049	1.5408343916	-0.4298628772	-0.4088420506
LattewithSugarFreeVanillacup	0.476721262	-0.1214785465	-0.5015793002	-0.5842300958	0.8521490308	-0.1553210217	-0.1524293888	1.3337617741	-0.3201906316	1.0778659102	1.7197969576	-0.4298628772	-0.2855368144
cup	-0.2659300441	-0.5030736888	-0.5015793002	-0.0137190099	-0.4521004872	-0.247788033	-0.1524293888	-0.1148986082	-0.1693481133	0.4106265837	0.6971537238	-0.4298628772	-0.2214821463
Mochacup	-0.2321731665	-0.4974784521	-0.5015793002	0.0661074425	-0.4603726829	-0.2288743261	-0.1524293888	-0.0639193572	-0.2721952849	0.2994200293	0.6785602104	-0.4298628772	-0.1795554544
cup	-0.2380806201	-0.4833784556	-0.5015793002	0.0443242919	-0.3156092586	-0.24432052	-0.1524293888	-0.0728407261	-0.1354085467	0.2604977353	0.5744365357	1.1380205992	-0.1868926255
HotChocolatecup	-0.1730986308	-0.5006117846	-0.5015793002	-0.0286019077	-0.2519133519	-0.2200479296	-0.1524293888	0.025294332	-0.2146008688	0.4551092055	0.8607766412	-0.4298628772	-0.3214074286
HotChocolatecup	-0.2072996778	-0.5024258193	-0.5015793002	-0.0066692161	-0.2653230164	-0.2149379105	-0.1524293888	0.1285943933	-0.3479774113	0.3403908651	0.8909177049	1.2205407821	-0.2760971791
HotChocolatecup	-0.144845592	-0.4811306301	-0.5015793002	-0.0195427525	-0.1909868324	-0.2327118898	-0.1524293888	0.1959639984	-0.4349621129	0.3671109755	0.7238313733	0.9335140588	-0.3167286528
IcedLattecup	0.6391762353	-0.2507285141	-0.5015793002	-0.5495033341	0.6398293419	-0.1957753391	-0.1524293888	1.2519825589	-0.8481394457	1.0778659102	1.5408343916	-0.4298628772	-1.3168169716
IcedLattecup	0.3467572835	-0.2593451786	-0.5015793002	-0.4869951629	1.022004782	-0.1229575678	-0.1524293888	1.3991851462	0.1021684197	1.0778659102	1.8629670103	-0.4298628772	-1.2361080897
IcedLattecup	0.5695526753	-0.2938118366	-0.5015793002	-0.5941520278	0.6398293419	-0.1784377745	-0.1524293888	1.1468378538	-0.1693481133	1.0778659102	1.6175326342	-0.4298628772	-1.3744661729
IcedCaramelcup	-0.335553604	-0.3799784816	-0.5015793002	0.7787953031	-0.5544689087	-0.2564568153	-0.1524293888	-0.2200433133	-0.8481394457	-0.5276787191	-0.3382725504	-0.4298628772	0.398246768
IcedCaramelcup	-0.1730986308	-0.3512562666	-0.5015793002	0.6659333273	-0.4217691031	-0.2631992015	-0.1524293888	0.025294332	-0.3201906316	-0.2195438913	0.0494796757	-0.4298628772	0.252522398
IcedCaramelcup	-0.3143638249	-0.3612466022	-0.5015793002	0.6870713562	-0.2740684499	-0.2327118898	-0.1524293888	0.0679617486	-0.4349621129	-0.24210754	0.1636007322	-0.4298628772	0.2798152566
IcedHazelnutcup	-0.335553604	-0.6169367554	-0.5015793002	0.9350657309	-0.5544689087	-0.1957753391	-0.1524293888	-0.2200433133	-0.8481394457	-0.5276787191	-0.3382725504	-0.4298628772	0.6000189727
IcedHazelnutcup	-0.1730986308	-0.5618858433	-0.5015793002	0.8048403744	-0.4217691031	-0.1553210217	-0.1524293888	0.025294332	-0.3201906316	-0.2195438913	0.0494796757	-0.4298628772	0.4318754688
IcedHazelnutcup	-0.3143638249	-0.5560581475	-0.5015793002	0.7414262877	-0.2740684499	-0.190498689	-0.1524293888	0.0679617486	-0.4349621129	-0.24210754	0.1636007322	-0.4298628772	0.349996893
IcedVanillaLattecup	-0.335553604	-0.6169367554	-0.5015793002	0.9350657309	-0.5544689087	-0.2564568153	-0.1524293888	-0.2200433133	-0.8481394457	-0.5276787191	-0.3382725504	-0.4298628772	0.6000189727
IcedVanillaLattecup	-0.2072996778	-0.5568468582	-0.5015793002	0.6842105704	-0.2653230164	-0.266038101	-0.1524293888	-0.0263556986	-0.3479774113	-0.2741716724	-0.0133142071	-0.4298628772	0.2761214862
IcedVanillaLattecup	-0.3143638249	-0.5560581475	-0.5015793002	0.7414262877	-0.2740684499	-0.2327118898	-0.1524293888	0.0679617486	-0.4349621129	-0.24210754	0.1636007322	-0.4298628772	0.349996893
IcedLattewithSugarFreeVanillaSyrupcup	0.476721262	0.1082991735	-0.5015793002	-0.6536836193	0.6398293419	-0.1553210217	-0.1524293888	1.0066449136	0.7357069966	1.0778659102	1.7197969576	-0.4298628772	0.700905075
IcedLattewithSugarFreeVanillaSyrupcup	0.476721262	-0.0065896865	-0.5015793002	-0.6536836193	0.8521490308	-0.2092601116	-0.1524293888	1.0066449136	0.2077581825	0.8183839499	1.7197969576	-0.4298628772	-0.0165072082
IcedLattewithSugarFreeVanillaSyrupcup	0.2404231192	0.0038547553	-0.5015793002	-0.5779161391	0.813545451	-0.1406103608	-0.1524293888	1.185072292	0.0157767956	0.8655624881	1.5896423642	-0.4298628772	0.2606748103
IcedMochacup	-0.1940605628	-0.499499957	-0.5015793002	-0.0756510688	-0.5313534587	-0.1918604052	-0.1524293888	-0.1963009606	-0.2350375971	0.5505316038	1.0732225259	-0.4298628772	-0.3404998523
CaramelMochacup	-0.0647953153	-0.3895525533	-0.5015793002	0.1103051393	-0.2094494141	-0.1822905667	-0.1524293888	0.1888527623	-0.3201906316	0.4291610095	0.7653299394	1.3122298743	-0.4200516175
CaramelMochacup	-0.1506910483	-0.3829497452	-0.5015793002	0.1510192737	-0.2167707827	-0.1497411159	-0.1524293888	0.2621720586	-0.5204470783	0.3531059521	0.9298932184	-0.4298628772	-0.3566595839
CaramelMochacup	-0.0431346522	-0.3972118106	-0.5015793002	0.0630767433	-0.2009566265	-0.1617937125	-0.1524293888	0.2215644484	-0.4680162996	0.4239713703	0.9180446623	-0.4298628772	-0.3967357183
IcedCaramelcup	-0.1046965368	-0.429864434	-0.5015793002	0.0262298213	-0.2653230164	-0.1893878153	-0.1524293888	0.1285943933	-0.5980584285	0.4633033727	0.8909177049	1.2205407821	-0.4884889735
IcedCaramelMochacup	-0.0431346522	-0.4431673546	-0.5015793002	-0.111946136	-0.2519133519	-0.1553210217	-0.1524293888	0.025294332	-0.5313701572	0.6107983817	1.1471167466	-0.4298628772	-0.5904370348
IcedCaramelcup	-0.0106436576	-0.4374229116	-0.5015793002	-0.132782193	-0.3156092586	-0.1553210217	-0.1524293888	0.025294332	-0.4521778351	0.6886429698	1.3618718257	-0.4298628772	-0.5769855545
IcedMochacup	-0.3230570676	-0.4926579405	-0.5015793002	0.0515367732	-0.5850919407	-0.2175584331	-0.1524293888	-0.2011711868	-0.1171333954	0.2994200293	0.8387504792	1.1782227396	-0.1682674989
IcedMochacup	-0.2230847764	-0.4926579405	-0.5015793002	-0.1407960611	-0.5360950894	-0.2051109508	-0.1524293888	-0.0501941742	-0.1171333954	0.7185831959	1.1691429086	-0.4298628772	-0.41660252
FrappeCaramel(Small)cup	0.1301506525	-0.6040117587	-0.5015793002	0.0964144346	-0.7614806054	-0.1553210217	-0.1524293888	-0.4326692727	-0.6369599201	0.6107983817	1.3380101503	2.3574855253	-0.3393427357
FrappeCaramel(Medium)cup	0.1695336763	-0.6102784238	-0.5015793002	0.1267214266	-0.7151563097	-0.1847423435	-0.1524293888	-0.4207741141	-0.6753561975	0.6107983817	1.199178584	1.8506949066	-0.2969501917
FrappeCaramel(Large)cup	0.1518113156	-0.6080666596	-0.5015793002	0.1307326462	-0.7090251529	-0.1743583476	-0.1524293888	-0.3499279491	-0.708388289	0.5283747002	1.130273211	2.3369903164	-0.2960869951
FrappeMocha(Small)cup	0.1301506525	-0.611671016	-0.1573845292	0.0686330252	-0.6765527298	-0.1553210217	-0.1524293888	-0.4326692727	-0.4257803944	0.6107983817	1.3380101503	2.3574855253	-0.3034721215
FrappeMocha(Medium)cup	0.0821877557	-0.6138593752	-0.2249942164	0.0755783775	-0.7250829445	-0.1871065568	-0.1524293888	-0.4303327237	-0.5087437795	0.4940314995	1.157343179	1.8099706605	-0.2791313476
FrappeMocha(Large)cup	0.0944742663	-0.6080666596	-0.2738033488	0.11234789	-0.7090251529	-0.1743583476	-0.1524293888	-0.3499279491	-0.5686371324	0.4596882989	1.130273211	1.4147059185	-0.2486111822
MangoPineappleSmoothiecup	-0.7115208277	-0.6827926913	0.826029102	1.2632336295	-0.8342759274	0.6537653265	0.0258088985	-0.619593193	-0.5766229127	-1.0572999345	-0.8981697209	-0.4298628772	1.0698599635
MangoPineappleSmoothiecup	-0.678514103	-0.6831574178	0.645736603	1.2910150389	-0.846408481	0.7616435063	0.049739039	-0.6071315983	-0.4961735696	-1.0844837589	-0.8254484243	-0.4298628772	1.1193955735
MangoPineappleSmoothiecup	-0.6456949165	-0.6854784049	0.9064902173	1.2973289956	-0.7498995315	0.6758313179	0.024796181	-0.5278305412	-0.4161813251	-1.0451683104	-0.7531403169	-0.4298628772	1.0677636289
StrawberryBananaSmoothie(Large)cup	-0.7047694522	-0.6959228467	1.3758467231	1.1647359053	-0.9236156407	-0.2877169696	0.3674322826	-0.5992014926	0.5917209564	-1.1159361178	-1.0134495037	-0.4298628772	1.2389642874
StrawberryBananaSmoothie(Medium)cup	-0.6729600868	-0.7047604513	1.2855858566	1.1093673621	-0.9770667512	-0.2797958445	0.3874269622	-0.5937114194	0.6138726549	-1.1676510539	-1.1436040971	-0.4298628772	1.1975751172
StrawberryBananaSmoothie(Small)cup	-0.6372556971	-0.6959228467	0.9735411467	1.1322641281	-0.9070712493	-0.2709047858	0.3674322826	-0.5074388408	0.5094432192	-1.146265178	-1.1436040971	-0.4298628772	1.2389642874
WildBerrySmoothie(Large)cup	-0.7010772937	-0.7138742311	1.4345162863	1.2085389798	-0.9127583838	-0.2564568153	0.4324149915	-0.5880497814	0.636716594	-1.1115131298	-1.0093821726	-0.4298628772	1.2557786378
WildBerrySmoothie(Medium)cup	-0.6729600868	-0.7180168582	1.8813075755	1.1574505706	-0.8300761973	-0.2797958445	0.4474110012	-0.5031252118	0.6138726549	-1.1676510539	-1.1436040971	-0.4298628772	1.1975751172
